"Status","Start Time","Stop Time","Duration in ms","Parent Suite","Suite","Sub Suite","Test Class","Test Method","Name","Description"
"passed","Thu Jun 04 22:27:38 UTC 2026","Thu Jun 04 22:27:39 UTC 2026","102","Portfolio Rebalancing Test Suite","All Tests","com.crd.rebalancing.tests.RebalancingTest","com.crd.rebalancing.tests.RebalancingTest","tc06_ibmSharesToBuy","TC-06: IBM shares to buy = 66",""
"passed","Thu Jun 04 22:27:49 UTC 2026","Thu Jun 04 22:27:49 UTC 2026","195","Portfolio Rebalancing Test Suite","All Tests","com.crd.rebalancing.tests.RebalancingTest","com.crd.rebalancing.tests.RebalancingTest","tc26_correctSharesPerSecurity","TC-26: Correct shares for each security in standard scenario",""
"passed","Thu Jun 04 22:27:51 UTC 2026","Thu Jun 04 22:27:51 UTC 2026","2","Portfolio Rebalancing Test Suite","All Tests","com.crd.rebalancing.tests.RebalancingTest","com.crd.rebalancing.tests.RebalancingTest","tc29_calculatorActionSell","TC-29: Calculator identifies SELL for positive variance",""
"passed","Thu Jun 04 22:27:39 UTC 2026","Thu Jun 04 22:27:40 UTC 2026","70","Portfolio Rebalancing Test Suite","All Tests","com.crd.rebalancing.tests.RebalancingTest","com.crd.rebalancing.tests.RebalancingTest","tc12_resultRowCount","TC-12: Results table has 5 rows for 5 securities",""
"passed","Thu Jun 04 22:27:40 UTC 2026","Thu Jun 04 22:27:40 UTC 2026","81","Portfolio Rebalancing Test Suite","All Tests","com.crd.rebalancing.tests.RebalancingTest","com.crd.rebalancing.tests.RebalancingTest","tc14_orclDollarAmount","TC-14: ORCL dollar amount to trade = $10,000",""
"passed","Thu Jun 04 22:27:44 UTC 2026","Thu Jun 04 22:27:45 UTC 2026","1469","Portfolio Rebalancing Test Suite","All Tests","com.crd.rebalancing.tests.RebalancingTest","com.crd.rebalancing.tests.RebalancingTest","tc23_allSecuritiesNeedBuy","TC-23: All securities under target → all BUY",""
"passed","Thu Jun 04 22:27:49 UTC 2026","Thu Jun 04 22:27:49 UTC 2026","106","Portfolio Rebalancing Test Suite","All Tests","com.crd.rebalancing.tests.RebalancingTest","com.crd.rebalancing.tests.RebalancingTest","tc26_correctSharesPerSecurity","TC-26: Correct shares for each security in standard scenario",""
"passed","Thu Jun 04 22:27:39 UTC 2026","Thu Jun 04 22:27:39 UTC 2026","121","Portfolio Rebalancing Test Suite","All Tests","com.crd.rebalancing.tests.RebalancingTest","com.crd.rebalancing.tests.RebalancingTest","tc11_hdHold","TC-11: HD action is HOLD with 0 shares",""
"passed","Thu Jun 04 22:27:49 UTC 2026","Thu Jun 04 22:27:49 UTC 2026","119","Portfolio Rebalancing Test Suite","All Tests","com.crd.rebalancing.tests.RebalancingTest","com.crd.rebalancing.tests.RebalancingTest","tc26_correctSharesPerSecurity","TC-26: Correct shares for each security in standard scenario",""
"passed","Thu Jun 04 22:27:40 UTC 2026","Thu Jun 04 22:27:41 UTC 2026","487","Portfolio Rebalancing Test Suite","All Tests","com.crd.rebalancing.tests.RebalancingTest","com.crd.rebalancing.tests.RebalancingTest","tc18_zeroPriceShowsError","TC-18: Unit price = 0 shows error, no results",""
"passed","Thu Jun 04 22:27:48 UTC 2026","Thu Jun 04 22:27:49 UTC 2026","104","Portfolio Rebalancing Test Suite","All Tests","com.crd.rebalancing.tests.RebalancingTest","com.crd.rebalancing.tests.RebalancingTest","tc26_correctSharesPerSecurity","TC-26: Correct shares for each security in standard scenario",""
"passed","Thu Jun 04 22:27:48 UTC 2026","Thu Jun 04 22:27:48 UTC 2026","152","Portfolio Rebalancing Test Suite","All Tests","com.crd.rebalancing.tests.RebalancingTest","com.crd.rebalancing.tests.RebalancingTest","tc25_ibmSharesForDifferentPortfolioSizes","TC-25: IBM share count is correct across different portfolio sizes",""
"passed","Thu Jun 04 22:27:51 UTC 2026","Thu Jun 04 22:27:51 UTC 2026","1","Portfolio Rebalancing Test Suite","All Tests","com.crd.rebalancing.tests.RebalancingTest","com.crd.rebalancing.tests.RebalancingTest","tc32_dollarAmountFormula","TC-32: Dollar amount is proportional to variance and total assets",""
"passed","Thu Jun 04 22:27:40 UTC 2026","Thu Jun 04 22:27:40 UTC 2026","76","Portfolio Rebalancing Test Suite","All Tests","com.crd.rebalancing.tests.RebalancingTest","com.crd.rebalancing.tests.RebalancingTest","tc15_msftDollarAmountZero","TC-15: MSFT dollar amount = $0 for zero variance",""
"passed","Thu Jun 04 22:27:42 UTC 2026","Thu Jun 04 22:27:42 UTC 2026","327","Portfolio Rebalancing Test Suite","All Tests","com.crd.rebalancing.tests.RebalancingTest","com.crd.rebalancing.tests.RebalancingTest","tc21_lowUnitPriceLargeShares","TC-21: Low unit price ($1) yields large share count",""
"passed","Thu Jun 04 22:27:40 UTC 2026","Thu Jun 04 22:27:40 UTC 2026","96","Portfolio Rebalancing Test Suite","All Tests","com.crd.rebalancing.tests.RebalancingTest","com.crd.rebalancing.tests.RebalancingTest","tc17_orclVarianceDisplay","TC-17: ORCL variance displayed as -10",""
"passed","Thu Jun 04 22:27:51 UTC 2026","Thu Jun 04 22:27:51 UTC 2026","0","Portfolio Rebalancing Test Suite","All Tests","com.crd.rebalancing.tests.RebalancingTest","com.crd.rebalancing.tests.RebalancingTest","tc30_calculatorActionHold","TC-30: Calculator identifies HOLD for zero variance",""
"passed","Thu Jun 04 22:27:42 UTC 2026","Thu Jun 04 22:27:44 UTC 2026","1835","Portfolio Rebalancing Test Suite","All Tests","com.crd.rebalancing.tests.RebalancingTest","com.crd.rebalancing.tests.RebalancingTest","tc22_allZeroVarianceAllHold","TC-22: All zero variance → all HOLD 0 shares",""
"passed","Thu Jun 04 22:27:40 UTC 2026","Thu Jun 04 22:27:40 UTC 2026","88","Portfolio Rebalancing Test Suite","All Tests","com.crd.rebalancing.tests.RebalancingTest","com.crd.rebalancing.tests.RebalancingTest","tc16_ibmVarianceDisplay","TC-16: IBM variance displayed as +10",""
"passed","Thu Jun 04 22:27:38 UTC 2026","Thu Jun 04 22:27:38 UTC 2026","61","Portfolio Rebalancing Test Suite","All Tests","com.crd.rebalancing.tests.RebalancingTest","com.crd.rebalancing.tests.RebalancingTest","tc02b_calculateButtonVisibleAndEnabled","TC-02b: Calculate button is present and clickable",""
"passed","Thu Jun 04 22:27:39 UTC 2026","Thu Jun 04 22:27:39 UTC 2026","145","Portfolio Rebalancing Test Suite","All Tests","com.crd.rebalancing.tests.RebalancingTest","com.crd.rebalancing.tests.RebalancingTest","tc07_msftActionIsHold","TC-07: MSFT action is HOLD with 0 shares",""
"passed","Thu Jun 04 22:27:41 UTC 2026","Thu Jun 04 22:27:41 UTC 2026","148","Portfolio Rebalancing Test Suite","All Tests","com.crd.rebalancing.tests.RebalancingTest","com.crd.rebalancing.tests.RebalancingTest","tc19b_negativeTotalAssetsShowsError","TC-19b: Negative total assets shows error",""
"passed","Thu Jun 04 22:27:48 UTC 2026","Thu Jun 04 22:27:48 UTC 2026","174","Portfolio Rebalancing Test Suite","All Tests","com.crd.rebalancing.tests.RebalancingTest","com.crd.rebalancing.tests.RebalancingTest","tc25_ibmSharesForDifferentPortfolioSizes","TC-25: IBM share count is correct across different portfolio sizes",""
"passed","Thu Jun 04 22:27:49 UTC 2026","Thu Jun 04 22:27:49 UTC 2026","137","Portfolio Rebalancing Test Suite","All Tests","com.crd.rebalancing.tests.RebalancingTest","com.crd.rebalancing.tests.RebalancingTest","tc26_correctSharesPerSecurity","TC-26: Correct shares for each security in standard scenario",""
"passed","Thu Jun 04 22:27:45 UTC 2026","Thu Jun 04 22:27:47 UTC 2026","1686","Portfolio Rebalancing Test Suite","All Tests","com.crd.rebalancing.tests.RebalancingTest","com.crd.rebalancing.tests.RebalancingTest","tc24_allSecuritiesNeedSell","TC-24: All securities over target → all SELL",""
"passed","Thu Jun 04 22:27:37 UTC 2026","Thu Jun 04 22:27:37 UTC 2026","18","Portfolio Rebalancing Test Suite","All Tests","com.crd.rebalancing.tests.RebalancingTest","com.crd.rebalancing.tests.RebalancingTest","tc02_pageTitle","TC-02: Page title is correct",""
"passed","Thu Jun 04 22:27:38 UTC 2026","Thu Jun 04 22:27:38 UTC 2026","128","Portfolio Rebalancing Test Suite","All Tests","com.crd.rebalancing.tests.RebalancingTest","com.crd.rebalancing.tests.RebalancingTest","tc05_ibmActionIsBuy","TC-05: IBM action is BUY (negative variance)",""
"passed","Thu Jun 04 22:27:47 UTC 2026","Thu Jun 04 22:27:48 UTC 2026","182","Portfolio Rebalancing Test Suite","All Tests","com.crd.rebalancing.tests.RebalancingTest","com.crd.rebalancing.tests.RebalancingTest","tc25_ibmSharesForDifferentPortfolioSizes","TC-25: IBM share count is correct across different portfolio sizes",""
"passed","Thu Jun 04 22:27:40 UTC 2026","Thu Jun 04 22:27:40 UTC 2026","133","Portfolio Rebalancing Test Suite","All Tests","com.crd.rebalancing.tests.RebalancingTest","com.crd.rebalancing.tests.RebalancingTest","tc13_ibmDollarAmount","TC-13: IBM dollar amount to trade = $10,000",""
"passed","Thu Jun 04 22:27:39 UTC 2026","Thu Jun 04 22:27:39 UTC 2026","121","Portfolio Rebalancing Test Suite","All Tests","com.crd.rebalancing.tests.RebalancingTest","com.crd.rebalancing.tests.RebalancingTest","tc10_aaplHold","TC-10: AAPL action is HOLD with 0 shares",""
"passed","Thu Jun 04 22:27:39 UTC 2026","Thu Jun 04 22:27:39 UTC 2026","115","Portfolio Rebalancing Test Suite","All Tests","com.crd.rebalancing.tests.RebalancingTest","com.crd.rebalancing.tests.RebalancingTest","tc08_orclActionIsSell","TC-08: ORCL action is SELL (positive variance)",""
"passed","Thu Jun 04 22:27:38 UTC 2026","Thu Jun 04 22:27:38 UTC 2026","194","Portfolio Rebalancing Test Suite","All Tests","com.crd.rebalancing.tests.RebalancingTest","com.crd.rebalancing.tests.RebalancingTest","tc03_resultsSectionVisibleAfterCalculate","TC-03: Results section appears after Calculate",""
"passed","Thu Jun 04 22:27:49 UTC 2026","Thu Jun 04 22:27:51 UTC 2026","1577","Portfolio Rebalancing Test Suite","All Tests","com.crd.rebalancing.tests.RebalancingTest","com.crd.rebalancing.tests.RebalancingTest","tc27_addedSecurityAppearsInResults","TC-27: Add new security row appears in results",""
"passed","Thu Jun 04 22:27:41 UTC 2026","Thu Jun 04 22:27:41 UTC 2026","154","Portfolio Rebalancing Test Suite","All Tests","com.crd.rebalancing.tests.RebalancingTest","com.crd.rebalancing.tests.RebalancingTest","tc19_zeroTotalAssetsShowsError","TC-19: Total assets = 0 shows error",""
"passed","Thu Jun 04 22:27:48 UTC 2026","Thu Jun 04 22:27:48 UTC 2026","156","Portfolio Rebalancing Test Suite","All Tests","com.crd.rebalancing.tests.RebalancingTest","com.crd.rebalancing.tests.RebalancingTest","tc25_ibmSharesForDifferentPortfolioSizes","TC-25: IBM share count is correct across different portfolio sizes",""
"passed","Thu Jun 04 22:27:41 UTC 2026","Thu Jun 04 22:27:41 UTC 2026","141","Portfolio Rebalancing Test Suite","All Tests","com.crd.rebalancing.tests.RebalancingTest","com.crd.rebalancing.tests.RebalancingTest","tc20_largePortfolioScalesCorrectly","TC-20: Large portfolio $10M – IBM BUY 6666 shares",""
"passed","Thu Jun 04 22:27:37 UTC 2026","Thu Jun 04 22:27:37 UTC 2026","52","Portfolio Rebalancing Test Suite","All Tests","com.crd.rebalancing.tests.RebalancingTest","com.crd.rebalancing.tests.RebalancingTest","tc01_resultsSectionHiddenOnLoad","TC-01: Results section is hidden before calculation",""
"passed","Thu Jun 04 22:27:38 UTC 2026","Thu Jun 04 22:27:38 UTC 2026","188","Portfolio Rebalancing Test Suite","All Tests","com.crd.rebalancing.tests.RebalancingTest","com.crd.rebalancing.tests.RebalancingTest","tc04_resetHidesResults","TC-04: Reset clears results table",""
"passed","Thu Jun 04 22:27:47 UTC 2026","Thu Jun 04 22:27:47 UTC 2026","212","Portfolio Rebalancing Test Suite","All Tests","com.crd.rebalancing.tests.RebalancingTest","com.crd.rebalancing.tests.RebalancingTest","tc25_ibmSharesForDifferentPortfolioSizes","TC-25: IBM share count is correct across different portfolio sizes",""
"passed","Thu Jun 04 22:27:51 UTC 2026","Thu Jun 04 22:27:51 UTC 2026","1","Portfolio Rebalancing Test Suite","All Tests","com.crd.rebalancing.tests.RebalancingTest","com.crd.rebalancing.tests.RebalancingTest","tc31_shareCountUseFloor","TC-31: Share count uses floor, not round",""
"passed","Thu Jun 04 22:27:51 UTC 2026","Thu Jun 04 22:27:51 UTC 2026","6","Portfolio Rebalancing Test Suite","All Tests","com.crd.rebalancing.tests.RebalancingTest","com.crd.rebalancing.tests.RebalancingTest","tc28_calculatorActionBuy","TC-28: Calculator identifies BUY for negative variance",""
"passed","Thu Jun 04 22:27:39 UTC 2026","Thu Jun 04 22:27:39 UTC 2026","94","Portfolio Rebalancing Test Suite","All Tests","com.crd.rebalancing.tests.RebalancingTest","com.crd.rebalancing.tests.RebalancingTest","tc09_orclSharesToSell","TC-09: ORCL shares to sell = 45",""
